<application>
  <component name="DimensionService">
    <location key="FileChooserDialogImpl.0.0.1920.1200" x="611" y="235" />
    <location key="WELCOME_SCREEN.0.0.1920.1200" x="960" y="588" />
    <location key="com.intellij.ide.util.TipDialog.0.0.1920.1200" x="667" y="391" />
    <location key="#HTTP_Proxy.0.0.1920.1200" x="735" y="292" />
    <location key="#Browse_JetBrains_Plugins_.0.0.1920.1200" x="540" y="229" />
    <location key="SettingsEditor.0.0.1920.1200" x="202" y="278" />
    <location key="#Vim_Emulation.0.0.1920.1200" x="709" y="294" />
    <location key="OptionsEditor.0.0.1920.1200" x="440" y="148" />
    <location key="StructurePopup.0.0.1920.1200" x="495" y="122" />
    <location key="com.intellij.history.integration.ui.views.RecentChangeDialog.0.0.1920.1200" x="100" y="100" />
    <location key="com.intellij.openapi.vcs.update.UpdateOrStatusOptionsDialogupdate.0.0.1920.1200" x="704" y="404" />
    <location key="svn.passwordDialog.0.0.1920.1200" x="641" y="477" />
    <location key="CommitChangelistDialog2.0.0.1920.1200" x="206" y="0" />
    <location key="findTextDialog.0.0.1920.1200" x="750" y="321" />
    <location key="DiffContextDialog.0.0.1920.1200" x="-8" y="-8" />
    <location key="#com.intellij.structuralsearch.plugin.ui.SearchDialog.0.0.1920.1200" x="611" y="312" />
    <location key="MultipleFileMergeDialog.0.0.1920.1200" x="655" y="311" />
    <location key="RollbackChangesDialog.0.0.1920.1200" x="738" y="300" />
    <location key="com.intellij.openapi.editor.actions.MultiplePasteAction$1.0.0.1920.1200" x="790" y="178" />
    <location key="svn.sslCredentialsDialog.0.0.1920.1200" x="571" y="531" />
    <location key="svn.repositoryBrowser.0.0.1920.1200" x="768" y="309" />
    <location key="svn.copyDialog.0.0.1920.1200" x="587" y="203" />
    <location key="Subversion.BranchConfigurationDialog.0.0.1920.1200" x="559" y="519" />
    <location key="svn.propertyDialog.0.0.1920.1200" x="833" y="394" />
    <location key="org.jetbrains.idea.svn.dialogs.ToBeMergedDialog.0.0.1920.1200" x="506" y="309" />
    <location key="vcs.readOnlyHandler.ReadOnlyStatusDialog.0.0.1920.1200" x="614" y="410" />
    <location key="com.intellij.history.integration.ui.views.FileHistoryDialog.0.0.1920.1200" x="-8" y="-8" />
    <location key="com.intellij.history.integration.ui.views.DirectoryHistoryDialog.0.0.1920.1200" x="-8" y="-8" />
    <location key="DiffWindow.0.0.1920.1200" x="14" y="13" />
    <location key="#com.intellij.ide.util.MemberChooser.0.0.1920.1200" x="765" y="289" />
    <location key="VCS.ChangeListViewerDialog.0.0.1920.1200" x="740" y="284" />
    <location key="replaceTextDialog.0.0.1920.1200" x="602" y="268" />
    <location key="ReplaceDuplicatesPrompt.0.0.1920.1200" x="453" y="507" />
    <location key="com.intellij.openapi.vcs.actions.ShowMessageHistoryAction$1.0.0.1920.1200" x="1002" y="410" />
    <location key="VCS.ChangelistChooser.0.0.1920.1200" x="821" y="403" />
    <location key="#com.intellij.fileTypes.FileTypeChooser.0.0.1920.1200" x="698" y="368" />
    <location key="com.jetbrains.php.framework.generators.custom.CustomFrameworkDialog.0.0.1920.1200" x="641" y="516" />
    <location key="#Plugins.0.0.1920.1200" x="552" y="232" />
    <location key="com.intellij.openapi.vcs.changes.UnversionedViewDialog.0.0.1920.1200" x="594" y="387" />
    <location key="#com.intellij.unscramble.UnscrambleDialog.0.0.1920.1200" x="640" y="238" />
    <location key="dock-window-1.0.0.1920.1200" x="92" y="92" />
    <location key="#com.intellij.codeInsight.template.impl.EditVariableDialog.0.0.1920.1200" x="659" y="394" />
    <location key="#com.intellij.ide.fileTemplates.ui.ConfigureTemplatesDialog.0.0.1920.1200" x="600" y="329" />
    <size key="StructurePopup.0.0.1920.1200" width="428" height="392" />
    <size key="com.intellij.history.integration.ui.views.RecentChangeDialog.0.0.1920.1200" width="1720" height="960" />
    <size key="DiffContextDialog.0.0.1920.1200" width="1936" height="1176" />
    <size key="javadoc.popup.0.0.1920.1200" width="446" height="166" />
    <size key="com.intellij.history.integration.ui.views.FileHistoryDialog.0.0.1920.1200" width="1936" height="1176" />
    <size key="CommitChangelistDialog2.0.0.1920.1200" width="1600" height="1160" />
    <size key="com.intellij.history.integration.ui.views.DirectoryHistoryDialog.0.0.1920.1200" width="1936" height="1176" />
    <size key="DiffWindow.0.0.1920.1200" width="1822" height="1004" />
    <size key="com.intellij.openapi.vcs.actions.ShowMessageHistoryAction$1.0.0.1920.1200" width="533" height="339" />
    <size key="com.intellij.openapi.vcs.changes.UnversionedViewDialog.0.0.1920.1200" width="721" height="525" />
    <size key="dock-window-1.0.0.1920.1200" width="1736" height="976" />
    <size key="SettingsEditor.0.0.1920.1200" width="1475" height="863" />
    <size key="#com.intellij.ide.fileTemplates.ui.ConfigureTemplatesDialog.0.0.1920.1200" width="720" height="702" />
    <size key="#com.intellij.codeInsight.template.impl.EditVariableDialog.0.0.1920.1200" width="743" height="298" />
    <extendedState key="com.intellij.history.integration.ui.views.FileHistoryDialog" state="6" />
    <extendedState key="CommittedChanges.SplitterProportions.0" state="700" />
    <extendedState key="com.intellij.history.integration.ui.views.DirectoryHistoryDialog.0" state="300" />
    <extendedState key="com.intellij.history.integration.ui.views.FileHistoryDialog.1" state="500" />
    <extendedState key="DiffContextDialog" state="6" />
    <extendedState key="CommittedChanges.SplitterProportions.1" state="500" />
    <extendedState key="com.intellij.history.integration.ui.views.FileHistoryDialog.0" state="162" />
    <extendedState key="com.intellij.history.integration.ui.views.DirectoryHistoryDialog" state="6" />
    <extendedState key="dock-window-1" state="0" />
    <extendedState key="com.intellij.history.integration.ui.views.RecentChangeDialog" state="0" />
  </component>
</application>