<application>
  <component name="FeatureUsageStatistics" first-run="1432179230421" have-been-shown="false" show-in-other="true" show-in-compilation="true">
    <feature id="editing.completion.smarttype.afternew" count="0" last-shown="0" last-used="0" shown-count="0" />
    <feature id="editing.completion.camelHumps" count="67" last-shown="0" last-used="1437547009470" shown-count="0" />
    <feature id="editing.completion.second.smarttype.aslist" count="0" last-shown="0" last-used="0" shown-count="0" />
    <feature id="codeassists.surroundwith.statement" count="0" last-shown="0" last-used="0" shown-count="0" />
    <feature id="refactoring.rename" count="30" last-shown="0" last-used="1437375130763" shown-count="0" />
    <feature id="navigation.popup.action" count="82" last-shown="0" last-used="1436145762029" shown-count="0" />
    <feature id="editing.completion.cancelByControlArrows" count="0" last-shown="0" last-used="0" shown-count="0" />
    <feature id="editing.completion.finishBySmartEnter" count="0" last-shown="1435215795449" last-used="0" shown-count="4" />
    <feature id="navigation.popup.symbol" count="0" last-shown="0" last-used="0" shown-count="0" />
    <feature id="find.recent.search" count="0" last-shown="0" last-used="0" shown-count="0" />
    <feature id="editing.completion.replace" count="15" last-shown="0" last-used="1437547031550" shown-count="0" />
    <feature id="switcher" count="4" last-shown="0" last-used="1433411631500" shown-count="0" />
    <feature id="codeassists.complete.statement" count="0" last-shown="0" last-used="0" shown-count="0" />
    <feature id="navigation.goto.inspection" count="0" last-shown="0" last-used="0" shown-count="0" />
    <feature id="editing.completion.variable.name" count="0" last-shown="0" last-used="0" shown-count="0" />
    <feature id="navigation.popup.file" count="0" last-shown="0" last-used="0" shown-count="0" />
    <feature id="codeassists.overrideimplement" count="1" last-shown="0" last-used="1433851410404" shown-count="0" />
    <feature id="editing.completion.smarttype.casting" count="0" last-shown="0" last-used="0" shown-count="0" />
    <feature id="db.console.run.intention" count="0" last-shown="0" last-used="0" shown-count="0" />
    <feature id="db.diff" count="0" last-shown="0" last-used="0" shown-count="0" />
    <feature id="navigation.popup.wildcards" count="0" last-shown="0" last-used="0" shown-count="0" />
    <feature id="refactoring.introduceVariable" count="0" last-shown="0" last-used="0" shown-count="0" />
    <feature id="codeassists.javadoc.external" count="0" last-shown="0" last-used="0" shown-count="0" />
    <feature id="db.console.execute" count="0" last-shown="0" last-used="0" shown-count="0" />
    <feature id="codeassists.surroundwith.expression" count="0" last-shown="0" last-used="0" shown-count="0" />
    <feature id="navigation.recent.files" count="3" last-shown="0" last-used="1433407773298" shown-count="0" />
    <feature id="navigation.goto.declaration" count="529" last-shown="0" last-used="1437966900661" shown-count="0" />
    <feature id="scratch" count="0" last-shown="0" last-used="0" shown-count="0" />
    <feature id="editing.completion.finishByDotEtc" count="1" last-shown="1435215795449" last-used="1437537712716" shown-count="4" />
    <feature id="navigation.goto.implementation" count="1" last-shown="0" last-used="1432867889981" shown-count="0" />
    <feature id="refactoring.move.moveInner" count="0" last-shown="0" last-used="0" shown-count="0" />
    <feature id="editing.completion.finishByCtrlDot" count="0" last-shown="0" last-used="0" shown-count="0" />
    <feature id="navigation.select.in" count="4" last-shown="0" last-used="1432180475926" shown-count="0" />
    <feature id="editing.completion.global.member.name" count="0" last-shown="0" last-used="0" shown-count="0" />
    <feature id="editing.completion.finishByExclamation" count="0" last-shown="0" last-used="0" shown-count="0" />
    <feature id="ui.tree.speedsearch" count="268" last-shown="0" last-used="1437537076424" shown-count="0" />
    <feature id="ui.horizontal.scrolling" count="0" last-shown="0" last-used="0" shown-count="0" />
    <feature id="heroku.undeploy" count="0" last-shown="0" last-used="0" shown-count="0" />
    <feature id="refactoring.copyClass" count="0" last-shown="0" last-used="0" shown-count="0" />
    <feature id="jar.diff" count="0" last-shown="0" last-used="0" shown-count="0" />
    <feature id="codeassists.comment.line" count="9" last-shown="0" last-used="1437556620988" shown-count="0" />
    <feature id="codeassists.highlight.return" count="0" last-shown="0" last-used="0" shown-count="0" />
    <feature id="upload.ssh.key" count="0" last-shown="0" last-used="0" shown-count="0" />
    <feature id="editing.completion.second.smarttype.chain" count="0" last-shown="0" last-used="0" shown-count="0" />
    <feature id="ant.quickfix.CreateProperty" count="0" last-shown="0" last-used="0" shown-count="0" />
    <feature id="editing.completion.second.smarttype.toar" count="0" last-shown="0" last-used="0" shown-count="0" />
    <feature id="navigation.popup.camelprefix" count="8" last-shown="0" last-used="1435634611125" shown-count="0" />
    <feature id="SearchEverywhere" count="324" last-shown="0" last-used="1437729038748" shown-count="0" />
    <feature id="navigation.popup.class" count="0" last-shown="0" last-used="0" shown-count="0" />
    <feature id="codeassists.highlight.throws" count="1" last-shown="0" last-used="1437538377798" shown-count="0" />
    <feature id="db.table.editor.wrapper" count="19" last-shown="0" last-used="1436164926385" shown-count="0" />
    <feature id="codeassists.quickdefinition" count="0" last-shown="1435215795449" last-used="0" shown-count="4" />
    <feature id="find.completion" count="0" last-shown="0" last-used="0" shown-count="0" />
    <feature id="editing.completion.basic" count="3313" last-shown="0" last-used="1437981104096" shown-count="0" />
    <feature id="tag.name.completion" count="0" last-shown="0" last-used="0" shown-count="0" />
    <feature id="editing.completion.second.smarttype.array.member" count="0" last-shown="0" last-used="0" shown-count="0" />
    <feature id="editing.completion.postfix" count="3" last-shown="0" last-used="1436838812774" shown-count="0" />
    <feature id="diagram.show.popup" count="0" last-shown="0" last-used="0" shown-count="0" />
    <feature id="refactoring.introduceVariable.incompleteStatement" count="0" last-shown="0" last-used="0" shown-count="0" />
    <feature id="dir.diff" count="0" last-shown="0" last-used="0" shown-count="0" />
    <feature id="diagram.show.diff" count="3" last-shown="0" last-used="1432712371564" shown-count="0" />
    <feature id="editing.select.word" count="9433" last-shown="0" last-used="1437981113033" shown-count="0" />
    <feature id="editing.add.carets.using.double.ctrl" count="0" last-shown="0" last-used="0" shown-count="0" />
    <feature id="db.console" count="0" last-shown="0" last-used="0" shown-count="0" />
    <feature id="codeassists.quickjavadoc.lookup" count="0" last-shown="0" last-used="0" shown-count="0" />
    <feature id="ui.scheme.quickswitch" count="0" last-shown="0" last-used="0" shown-count="0" />
    <feature id="codeassists.highlight.implements" count="0" last-shown="0" last-used="0" shown-count="0" />
    <feature id="editing.completion.smarttype.general" count="3" last-shown="0" last-used="1432708626301" shown-count="0" />
    <feature id="navigation.popup.file.structure" count="243" last-shown="0" last-used="1436880295232" shown-count="0" />
    <feature id="db.table.editor" count="0" last-shown="0" last-used="0" shown-count="0" />
    <feature id="ant.quickfix.CreateTarget" count="0" last-shown="0" last-used="0" shown-count="0" />
    <feature id="codeassists.quickjavadoc.ctrln" count="0" last-shown="0" last-used="0" shown-count="0" />
    <feature id="navigation.goto.usages" count="0" last-shown="0" last-used="0" shown-count="0" />
    <feature id="codeassists.comment.block" count="0" last-shown="0" last-used="0" shown-count="0" />
    <feature id="codeassists.quickjavadoc" count="2" last-shown="1435215795449" last-used="1432812710361" shown-count="4" />
    <feature id="ui.recentchanges" count="0" last-shown="0" last-used="0" shown-count="0" />
    <feature id="diagram.show" count="0" last-shown="0" last-used="0" shown-count="0" />
    <feature id="editing.completion.second.basic" count="2" last-shown="0" last-used="1437701669946" shown-count="0" />
    <feature id="heroku.deploy" count="0" last-shown="0" last-used="0" shown-count="0" />
    <feature id="editing.completion.changeSorting" count="0" last-shown="0" last-used="0" shown-count="0" />
    <feature id="codeassists.quickdefinition.lookup" count="0" last-shown="0" last-used="0" shown-count="0" />
    <completionStatsTag>
      <option name="sparedCharacters" value="5957" />
      <option name="invocations" value="901" />
      <option name="startDate" value="1432137600000" />
      <option name="dayCount" value="45" />
      <option name="lastDate" value="1437667200000" />
    </completionStatsTag>
    <fixesStatsTag>
      <option name="invocations" value="2" />
      <option name="startDate" value="1435075200000" />
      <option name="dayCount" value="1" />
      <option name="lastDate" value="1435075200000" />
    </fixesStatsTag>
  </component>
</application>