<application>
  <component name="FindRecents">
    <findStrings>
      <find>red</find>
      <find>debug</find>
      <find>write_baselog</find>
      <find>production</find>
      <find>frong</find>
      <find>fr</find>
      <find>front</find>
      <find>loginUrl</find>
      <find>location</find>
      <find>location.reload()</find>
      <find>location.reload</find>
      <find>bindController</find>
      <find>cluster</find>
      <find>produceChild</find>
      <find>port</find>
      <find>formatChartOption</find>
      <find>renderOneChart</find>
      <find>getDateDuration</find>
      <find>getRequestData</find>
      <find>specSelect</find>
      <find>instanceSpec</find>
      <find>select</find>
      <find>frist</find>
      <find>CGW_ERROR</find>
      <find>undefined</find>
      <find>201404031602</find>
      <find>201506261556</find>
      <find>formatChartOption:</find>
      <find>debugg</find>
      <find>debugger</find>
    </findStrings>
    <replaceStrings>
      <replace>component</replace>
      <replace>common</replace>
      <replace>commonController</replace>
      <replace>createTasksByVMDirectory</replace>
      <replace>project</replace>
      <replace>InstanceListModule</replace>
      <replace>debugData</replace>
      <replace>api</replace>
      <replace>vpcSelect</replace>
      <replace>100002</replace>
      <replace>ajax.get</replace>
      <replace>shard</replace>
      <replace>(loginResult, request</replace>
      <replace>utillibrary.</replace>
      <replace>utillibrary.intValue</replace>
      <replace>data-val</replace>
      <replace>100004</replace>
      <replace>monitorMod</replace>
      <replace>getInstanceSpec</replace>
      <replace>self.options</replace>
      <replace>data-day</replace>
      <replace>data-type</replace>
      <replace>tdsql</replace>
      <replace>tdsql.instance</replace>
      <replace>dialog</replace>
      <replace>TDSQL</replace>
      <replace>loginStr</replace>
      <replace>window.location = location.href</replace>
      <replace>list</replace>
      <replace>first</replace>
    </replaceStrings>
    <dirStrings>
      <dir>D:\SVN\CDB\CONSOLE_CDB_IMPORT_V1.0.0</dir>
      <dir>D:\SVN\CDB\CONSOLE_CDB_IMPORT_V1.0.0\console\statics\dev\batchOperation</dir>
      <dir>D:\SVN\CDB\CONSOLE_CDB_V1.0.8</dir>
      <dir>D:\SVN\console_qcloud_pro\trunk</dir>
      <dir>D:\SVN\console_qcloud_pro</dir>
      <dir>D:\SVN\TDSQL\trunk\front\node_modules\debug</dir>
      <dir>D:\SVN\TDSQL\trunk\front\statics\dev</dir>
      <dir>D:\SVN\CDB\trunk</dir>
      <dir>D:\SVN\TDSQL\trunk\front\controllers</dir>
    </dirStrings>
  </component>
</application>