<application>
  <component name="PropertiesComponent">
    <property name="log.debug.categories" value="" />
    <property name="DefaultHtmlDoctype.MigrateToHtml5" value="true" />
    <property name="DefaultHtmlDoctype.Refreshed" value="1" />
    <property name="default.storage.format" value=".idea (directory based)" />
    <property name="file.chooser.recent.files" value="D:/SVN/console_qcloud_pro&#10;D:/SVN/console_qcloud_pro/trunk&#10;C:/Users/kimhou/myGithub/gulp-plugins&#10;C:/Users/kimhou/myGithub&#10;C:/cygwin64/home/kimhou/Bee-Components/bee-components&#10;D:/SVN/ckv&#10;C:/cygwin64/Cygwin.bat&#10;C:/cygwin64/bin/bash.exe&#10;C:/Users/kimhou/myGithub/grunt-plugins&#10;D:/SVN/CDB/trunk&#10;D:/SVN/TDSQL/trunk/front&#10;D:/mcn&#10;D:/SVN/CDB/CDB_ACT_trunk&#10;C:/Users/kimhou/Desktop/js_fiddler/cdb.list.js&#10;D:/SVN/CDB/QCloud_cdb_ACT&#10;D:/SVN/CDB/CONSOLE_CDB_V1.0.8&#10;C:/Users/kimhou/Desktop/js_fiddler&#10;D:/SVN/CDB/CONSOLE_CDB_IMPORT_V1.0.0/console/htdocs/index.php&#10;D:/SVN/CDB/CONSOLE_CDB_IMPORT_V1.0.0/.idea/CONSOLE_CDB_IMPORT_V1.0.0.iml&#10;D:/SVN/CDB/CONSOLE_CDB_IMPORT_V1.0.0&#10;C:/Users/kimhou/Downloads/idea-server.jar&#10;C:/Users/kimhou/Downloads/ideavim-0.39-271.zip&#10;C:/Users/kimhou/Downloads/php-141.690.zip" />
    <property name="toolwindow.stripes.buttons.info.shown" value="true" />
    <property name="DeploymentNotificationsComponent.WarnDisplayed.Java7&amp;Windows7FTPIssue" value="true" />
    <property name="file.colors.enable.non.project" value="494539" />
    <property name="file.colors.enable.tests" value="2a3b2c" />
    <property name="lastTip" value="1" />
    <property name="PLUGIN_FILTER" value="git&#10;terminal&#10;termi&#10;command&#10;eje" />
    <property name="Non-Project Files" value="494539" />
    <property name="Tests" value="2a3b2c" />
    <property name="plugins.preselection.path" value="$USER_HOME$/Downloads" />
    <property name="ProjectStructure.SecondLevelElements" value="0.2" />
    <property name="FindSplitterProportion" value="0.25" />
    <property name="KEYMAP" value="new&#10;show in exp&#10;window&#10;Editor Close Action&#10;editor close" />
    <property name="ProjectStructure.TopLevelElements" value="0.15" />
    <property name="FileStructurePopup.narrowDown" value="true" />
    <property name="CommitChangeListDialog.SPLITTER_PROPORTION_2" value="0.79418886" />
    <property name="CommitChangeListDialog.DETAILS_SHOW_OPTION_" value="true" />
    <property name="com.intellij.openapi.editor.actions.MultiplePasteAction$1.splitter" value="0.3" />
    <property name="ChangesViewManager.DETAILS_SPLITTER_PROPORTION" value="0.5" />
    <property name="MoveFile.OpenInEditor" value="false" />
    <property name="LayoutCode.optimizeImports" value="true" />
    <property name="LayoutCode.rearrangeEntriesJavaScript" value="false" />
    <property name="LayoutCode.processChangedText" value="false" />
    <property name="LayoutCode.rearrangeEntriesHTML" value="true" />
    <property name="MemberChooser.sorted" value="false" />
    <property name="MemberChooser.showClasses" value="true" />
    <property name="MemberChooser.copyJavadoc" value="false" />
    <property name="com.intellij.openapi.vcs.actions.ShowMessageHistoryAction$1.splitter" value="0.3" />
    <property name="CommitChangeListDialog.DETAILS_SPLITTER_PROPORTION_2" value="0.15048544" />
    <property name="fileTypeChangedCounter" value="3" />
    <property name="Copy.OpenInEditor" value="true" />
    <property name="LayoutCode.rearrangeEntriesTML" value="true" />
    <property name="js.rename.search.in.comments" value="true" />
    <property name="js.rename.search.for.text.occurrences" value="false" />
    <property name="FileTemplates.CurrentTab" value="Templates" />
    <property name="FileTemplates.SelectedTemplate" value="Xhtml" />
    <property name="SingleInspectionProfilePanel.VERTICAL_DIVIDER_PROPORTION" value="0.5" />
    <property name="SingleInspectionProfilePanel.HORIZONTAL_DIVIDER_PROPORTION" value="0.5" />
  </component>
</application>