<application>
  <component name="RecentProjectsManager">
    <option name="recentPaths">
      <list>
        <option value="D:\SVN\TDSQL\trunk\front" />
        <option value="D:\SVN\ckv" />
        <option value="D:\SVN\CDB\trunk" />
        <option value="C:\cygwin64\home\kimhou\Bee-Components\bee-components" />
        <option value="D:\SVN\console_qcloud_pro" />
        <option value="D:\mcn" />
        <option value="D:\SVN\console_qcloud_pro\trunk" />
        <option value="C:\Users\kimhou\myGithub\gulp-plugins" />
        <option value="C:\Users\kimhou\myGithub\grunt-plugins" />
        <option value="C:\Users\kimhou\myGithub" />
        <option value="D:\SVN\CDB\CONSOLE_CDB_IMPORT_V1.0.0" />
        <option value="D:\SVN\CDB\CDB_ACT_trunk" />
        <option value="D:\SVN\CDB\QCloud_cdb_ACT" />
        <option value="D:\SVN\CDB\CONSOLE_CDB_V1.0.8" />
        <option value="C:\Users\kimhou\Desktop\js_fiddler" />
      </list>
    </option>
    <option name="openPaths">
      <list>
        <option value="D:\SVN\TDSQL\trunk\front" />
      </list>
    </option>
    <option name="lastPath" value="D:\SVN\TDSQL\trunk\front" />
  </component>
</application>