<application>
  <component name="PasswordDatabase">
    <option name="PASSWORDS">
      <array>
        <array>
          <option value="276335d9626bddfe04936649ac89e7e8077844c003df0908b30d63be3ebeecef" />
          <option value="52daadd27a72c66a5fcb6a18dc14b3674f7b683e546a3838b7e517e94038e25d" />
          <option value="5544495f835fb384328397517de68d06e52828a346e92ea4ee1de4db4d0d27b4" />
        </array>
        <array>
          <option value="c8da2c0ab50d8e486709bead6b3de60194595a073bff584d030746560cf4c6b8" />
          <option value="142100565d7025edf2d8baf2e5376496e9bd13112c54a0a83460688a4578c047" />
          <option value="ea09621c60a28bf61605e62825bd7f87" />
        </array>
      </array>
    </option>
  </component>
</application>