<application>
  <component name="StatisticsApplicationUsages">
    <group name="svn working copy format">
      <project id="console_qcloud_pro" values="1.8,1.8,1.8" collectionTime="1436871762331" />
      <project id="ckv" values="1.8" collectionTime="1437882710786" />
      <project id="QCloud_cdb_ACT" values="1.8" collectionTime="1434424581049" />
      <project id="CONSOLE_CDB_V1.0.8" values="1.8" collectionTime="1433901727974" />
      <project id="trunk" values="1.8" collectionTime="1436752053985" />
      <project id="TDSQL" values="1.8" collectionTime="1437882710782" />
      <project id="CDB_trunk" values="1.8" collectionTime="1437537190180" />
      <project id="CDB_ACT_trunk" values="1.8" collectionTime="1434424582866" />
      <project id="CONSOLE_CDB_IMPORT_V1.0.0" values="1.8" collectionTime="1435047787349" />
    </group>
    <group name="JSDebugConfig">
      <project id="bee-components" values="browser-default.preferredEngine-null.no_mappings,browser-default.preferredEngine-null.no_mappings,browser-default.preferredEngine-null.no_mappings,browser-default.preferredEngine-null.no_mappings" collectionTime="1437531063187" />
    </group>
    <group name="php-interpreters">
      <project id="mcn" values="0" collectionTime="1436839603733" />
      <project id="CONSOLE_CDB_IMPORT_V1.0.0" values="0" collectionTime="1435047787357" />
      <project id="js_fiddler" values="0" collectionTime="1433745240636" />
      <project id="QCloud_cdb_ACT" values="0" collectionTime="1434424581049" />
      <project id="gulp-plugins" values="0" collectionTime="1436418322026" />
      <project id="trunk" values="0" collectionTime="1436752053986" />
      <project id="CDB_trunk" values="0" collectionTime="1437537190180" />
      <project id="console_qcloud_pro" values="0" collectionTime="1436871762333" />
      <project id="bee-components" values="0" collectionTime="1437531063187" />
      <project id="CONSOLE_CDB_V1.0.8" values="0" collectionTime="1433901727975" />
      <project id="CDB_ACT_trunk" values="0" collectionTime="1434424582867" />
      <project id="ckv" values="0" collectionTime="1437882710787" />
      <project id="grunt-plugins" values="0" collectionTime="1436259309925" />
      <project id="TDSQL" values="0" collectionTime="1437882710783" />
      <project id="myGithub" values="0" collectionTime="1436240575333" />
    </group>
    <group name="vcs">
      <project id="console_qcloud_pro" values="svn" collectionTime="1436871762326" />
      <project id="bee-components" values="Git" collectionTime="1437531063179" />
      <project id="QCloud_cdb_ACT" values="svn" collectionTime="1434424581046" />
      <project id="mcn" values="svn" collectionTime="1436839603725" />
      <project id="CONSOLE_CDB_V1.0.8" values="svn" collectionTime="1433901727970" />
      <project id="CDB_ACT_trunk" values="svn" collectionTime="1434424582862" />
      <project id="trunk" values="svn" collectionTime="1436752053983" />
      <project id="gulp-plugins" values="Git" collectionTime="1436418322013" />
      <project id="ckv" values="svn" collectionTime="1437882710783" />
      <project id="CDB_trunk" values="svn" collectionTime="1437537190170" />
      <project id="grunt-plugins" values="Git" collectionTime="1436259309921" />
      <project id="CONSOLE_CDB_IMPORT_V1.0.0" values="svn" collectionTime="1435047787323" />
      <project id="TDSQL" values="svn" collectionTime="1437882710768" />
    </group>
    <group name="javaScript Frameworks">
      <project id="TDSQL" values="node_modules" collectionTime="1437882710782" />
      <project id="mcn" values="node_modules" collectionTime="1436839603733" />
    </group>
    <group name="run-configuration-type-temp">
      <project id="bee-components" values="JavascriptDebugType" collectionTime="1437531063179" />
    </group>
    <group name="file-type">
      <project id="mcn" values="JSON,XML,EJS,Bash,PLAIN_TEXT,IDEA_MODULE,UNKNOWN,JavaScript" collectionTime="1436839603732" />
      <project id="CONSOLE_CDB_IMPORT_V1.0.0" values="PLAIN_TEXT,XML,IDEA_MODULE,PHP,UNKNOWN,SWF,CSS,Properties,HTML,Images,DTD,JavaScript" collectionTime="1435047787344" />
      <project id="js_fiddler" values="PLAIN_TEXT,HTML,JavaScript,PHP,XML,IDEA_MODULE,UNKNOWN" collectionTime="1433745240634" />
      <project id="QCloud_cdb_ACT" values="HTML,IDEA_MODULE,PLAIN_TEXT,PHP,UNKNOWN,Images,Properties,XML,JavaScript" collectionTime="1434424581049" />
      <project id="gulp-plugins" values="JSHint,PLAIN_TEXT,YAML,HTML,PATCH,Images,UNKNOWN,XML,Bash,IDEA_MODULE,JSON,JavaScript,CSS,EJS" collectionTime="1436418322019" />
      <project id="trunk" values="Properties,DTD,SWF,Smarty,JavaScript,UNKNOWN,HTML,PLAIN_TEXT,SmartyConfig,XML,Bash,PHP,Images,ARCHIVE,Native,IDEA_MODULE,CSS" collectionTime="1436752053985" />
      <project id="CDB_trunk" values="IDEA_MODULE,HTML,UNKNOWN,JavaScript,Properties,PHP,Images,PLAIN_TEXT,XML" collectionTime="1437537190180" />
      <project id="console_qcloud_pro" values="IDEA_MODULE,PLAIN_TEXT,Smarty,SWF,SmartyConfig,JavaScript,HTML,UNKNOWN,Bash,Properties,Images,XML,PHP,CSS,DTD,Native,ARCHIVE" collectionTime="1436871762330" />
      <project id="bee-components" values="IDEA_MODULE,CoffeeScript,JSHint,JavaScript,SourceMap,HTML,SmartyConfig,Images,PLAIN_TEXT,PATCH,JSON,YAML,CSS,ESLint,Bash,Smarty,UNKNOWN,XML,JSCS" collectionTime="1437531063184" />
      <project id="CONSOLE_CDB_V1.0.8" values="Images,DTD,IDEA_MODULE,PLAIN_TEXT,XML,JavaScript,Properties,UNKNOWN,SWF,HTML,CSS,PHP" collectionTime="1433901727974" />
      <project id="CDB_ACT_trunk" values="UNKNOWN,IDEA_MODULE,Images,JavaScript,PLAIN_TEXT,Properties,HTML,PHP,XML" collectionTime="1434424582865" />
      <project id="ckv" values="Bash,PATCH,EJS,IDEA_MODULE,SmartyConfig,YAML,UNKNOWN,Properties,DTD,JSHint,CSS,SQL,Images,HTML,XML,PHP,PLAIN_TEXT,JavaScript,JSON" collectionTime="1437882710786" />
      <project id="grunt-plugins" values="JSON,Bash,UNKNOWN,XML,JavaScript,PLAIN_TEXT,IDEA_MODULE,JSHint" collectionTime="1436259309923" />
      <project id="TDSQL" values="UNKNOWN,Bash,JavaScript,PLAIN_TEXT,IDEA_MODULE,JSON,XML,EJS" collectionTime="1437882710782" />
      <project id="myGithub" values="Images,JSCS,UNKNOWN,SQLite Database,PLAIN_TEXT,JavaScript,CoffeeScript,C#,HTML,Native,XML,EJS,PATCH,CSS,JSON,ARCHIVE,IDEA_MODULE,JSHint,YAML,Bash,ESLint,C++" collectionTime="1436240575332" />
    </group>
    <group name="php-interpreter-version">
      <project id="mcn" values="not installed" collectionTime="1436839603733" />
      <project id="CONSOLE_CDB_IMPORT_V1.0.0" values="not installed" collectionTime="1435047787355" />
      <project id="js_fiddler" values="not installed" collectionTime="1433745240636" />
      <project id="QCloud_cdb_ACT" values="not installed" collectionTime="1434424581049" />
      <project id="gulp-plugins" values="not installed" collectionTime="1436418322026" />
      <project id="trunk" values="not installed" collectionTime="1436752053986" />
      <project id="CDB_trunk" values="not installed" collectionTime="1437537190180" />
      <project id="console_qcloud_pro" values="not installed" collectionTime="1436871762333" />
      <project id="bee-components" values="not installed" collectionTime="1437531063187" />
      <project id="CONSOLE_CDB_V1.0.8" values="not installed" collectionTime="1433901727975" />
      <project id="CDB_ACT_trunk" values="not installed" collectionTime="1434424582867" />
      <project id="ckv" values="not installed" collectionTime="1437882710787" />
      <project id="grunt-plugins" values="not installed" collectionTime="1436259309925" />
      <project id="TDSQL" values="not installed" collectionTime="1437882710783" />
      <project id="myGithub" values="not installed" collectionTime="1436240575333" />
    </group>
    <group name="Command line tool">
      <project id="TDSQL" values="console in toolwindow" collectionTime="1437882710783" />
    </group>
    <group name="php-include-path">
      <project id="mcn" values="0" collectionTime="1436839603733" />
      <project id="CONSOLE_CDB_IMPORT_V1.0.0" values="0" collectionTime="1435047787352" />
      <project id="js_fiddler" values="0" collectionTime="1433745240636" />
      <project id="QCloud_cdb_ACT" values="0" collectionTime="1434424581049" />
      <project id="gulp-plugins" values="0" collectionTime="1436418322025" />
      <project id="trunk" values="0" collectionTime="1436752053986" />
      <project id="CDB_trunk" values="0" collectionTime="1437537190180" />
      <project id="console_qcloud_pro" values="0" collectionTime="1436871762332" />
      <project id="bee-components" values="0" collectionTime="1437531063187" />
      <project id="CONSOLE_CDB_V1.0.8" values="0" collectionTime="1433901727975" />
      <project id="CDB_ACT_trunk" values="0" collectionTime="1434424582867" />
      <project id="ckv" values="0" collectionTime="1437882710787" />
      <project id="grunt-plugins" values="0" collectionTime="1436259309925" />
      <project id="TDSQL" values="0" collectionTime="1437882710783" />
      <project id="myGithub" values="0" collectionTime="1436240575333" />
    </group>
    <group name="module type">
      <project id="mcn" values="WEB_MODULE" collectionTime="1436839603725" />
      <project id="CONSOLE_CDB_IMPORT_V1.0.0" values="JAVA_MODULE" collectionTime="1435047787323" />
      <project id="js_fiddler" values="JAVA_MODULE" collectionTime="1433745240633" />
      <project id="QCloud_cdb_ACT" values="JAVA_MODULE" collectionTime="1434424581046" />
      <project id="gulp-plugins" values="JAVA_MODULE" collectionTime="1436418322013" />
      <project id="trunk" values="JAVA_MODULE" collectionTime="1436752053983" />
      <project id="CDB_trunk" values="JAVA_MODULE" collectionTime="1437537190170" />
      <project id="console_qcloud_pro" values="JAVA_MODULE" collectionTime="1436871762326" />
      <project id="bee-components" values="JAVA_MODULE" collectionTime="1437531063179" />
      <project id="CONSOLE_CDB_V1.0.8" values="JAVA_MODULE" collectionTime="1433901727970" />
      <project id="CDB_ACT_trunk" values="JAVA_MODULE" collectionTime="1434424582862" />
      <project id="ckv" values="JAVA_MODULE" collectionTime="1437882710783" />
      <project id="grunt-plugins" values="JAVA_MODULE" collectionTime="1436259309921" />
      <project id="TDSQL" values="WEB_MODULE" collectionTime="1437882710768" />
      <project id="myGithub" values="JAVA_MODULE" collectionTime="1436240575330" />
    </group>
    <group name="JavaScript versions">
      <project id="mcn" values="DEFAULT" collectionTime="1436839603733" />
      <project id="CONSOLE_CDB_IMPORT_V1.0.0" values="DEFAULT" collectionTime="1435047787350" />
      <project id="js_fiddler" values="DEFAULT" collectionTime="1433745240636" />
      <project id="QCloud_cdb_ACT" values="DEFAULT" collectionTime="1434424581049" />
      <project id="gulp-plugins" values="DEFAULT" collectionTime="1436418322022" />
      <project id="trunk" values="DEFAULT" collectionTime="1436752053986" />
      <project id="CDB_trunk" values="DEFAULT" collectionTime="1437537190180" />
      <project id="console_qcloud_pro" values="DEFAULT" collectionTime="1436871762332" />
      <project id="bee-components" values="DEFAULT" collectionTime="1437531063185" />
      <project id="CONSOLE_CDB_V1.0.8" values="DEFAULT" collectionTime="1433901727975" />
      <project id="CDB_ACT_trunk" values="DEFAULT" collectionTime="1434424582867" />
      <project id="ckv" values="DEFAULT" collectionTime="1437882710787" />
      <project id="grunt-plugins" values="DEFAULT" collectionTime="1436259309925" />
      <project id="TDSQL" values="DEFAULT" collectionTime="1437882710783" />
      <project id="myGithub" values="DEFAULT" collectionTime="1436240575333" />
    </group>
    <group name="javaScript Scope Usages">
      <project id="mcn" values="Project,Project,Directory" collectionTime="1436839603733" />
      <project id="CONSOLE_CDB_IMPORT_V1.0.0" values="Project,Project" collectionTime="1435047787350" />
      <project id="js_fiddler" values="Project,Project" collectionTime="1433745240636" />
      <project id="QCloud_cdb_ACT" values="Project,Project" collectionTime="1434424581049" />
      <project id="gulp-plugins" values="Project,Project" collectionTime="1436418322022" />
      <project id="trunk" values="Project,Project" collectionTime="1436752053985" />
      <project id="CDB_trunk" values="Project,Project" collectionTime="1437537190180" />
      <project id="console_qcloud_pro" values="Project,Project" collectionTime="1436871762332" />
      <project id="bee-components" values="Project,Project" collectionTime="1437531063185" />
      <project id="CONSOLE_CDB_V1.0.8" values="Project,Project" collectionTime="1433901727975" />
      <project id="CDB_ACT_trunk" values="Project,Project" collectionTime="1434424582867" />
      <project id="ckv" values="Project,Project" collectionTime="1437882710787" />
      <project id="grunt-plugins" values="Project,Project" collectionTime="1436259309925" />
      <project id="TDSQL" values="Directory,Project,Project" collectionTime="1437882710783" />
      <project id="myGithub" values="Project,Project" collectionTime="1436240575333" />
    </group>
    <group name="php-debug-skipped-paths">
      <project id="mcn" values="0" collectionTime="1436839603733" />
      <project id="CONSOLE_CDB_IMPORT_V1.0.0" values="0" collectionTime="1435047787358" />
      <project id="js_fiddler" values="0" collectionTime="1433745240636" />
      <project id="QCloud_cdb_ACT" values="0" collectionTime="1434424581049" />
      <project id="gulp-plugins" values="0" collectionTime="1436418322026" />
      <project id="trunk" values="0" collectionTime="1436752053986" />
      <project id="CDB_trunk" values="0" collectionTime="1437537190180" />
      <project id="console_qcloud_pro" values="0" collectionTime="1436871762333" />
      <project id="bee-components" values="0" collectionTime="1437531063187" />
      <project id="CONSOLE_CDB_V1.0.8" values="0" collectionTime="1433901727975" />
      <project id="CDB_ACT_trunk" values="0" collectionTime="1434424582867" />
      <project id="ckv" values="0" collectionTime="1437882710787" />
      <project id="grunt-plugins" values="0" collectionTime="1436259309925" />
      <project id="TDSQL" values="0" collectionTime="1437882710783" />
      <project id="myGithub" values="0" collectionTime="1436240575333" />
    </group>
    <group name="libraries">
      <project id="TDSQL" values="javaScript" collectionTime="1437882710782" />
      <project id="mcn" values="javaScript" collectionTime="1436839603732" />
    </group>
    <group name="php-servers">
      <project id="mcn" values="0" collectionTime="1436839603733" />
      <project id="CONSOLE_CDB_IMPORT_V1.0.0" values="0" collectionTime="1435047787355" />
      <project id="js_fiddler" values="0" collectionTime="1433745240636" />
      <project id="QCloud_cdb_ACT" values="0" collectionTime="1434424581049" />
      <project id="gulp-plugins" values="0" collectionTime="1436418322026" />
      <project id="trunk" values="0" collectionTime="1436752053986" />
      <project id="CDB_trunk" values="0" collectionTime="1437537190180" />
      <project id="console_qcloud_pro" values="0" collectionTime="1436871762333" />
      <project id="bee-components" values="0" collectionTime="1437531063187" />
      <project id="CONSOLE_CDB_V1.0.8" values="0" collectionTime="1433901727975" />
      <project id="CDB_ACT_trunk" values="0" collectionTime="1434424582867" />
      <project id="ckv" values="0" collectionTime="1437882710787" />
      <project id="grunt-plugins" values="0" collectionTime="1436259309925" />
      <project id="TDSQL" values="0" collectionTime="1437882710783" />
      <project id="myGithub" values="0" collectionTime="1436240575333" />
    </group>
    <group name="language-level">
      <project id="mcn" values="JDK_1_3" collectionTime="1436839603732" />
      <project id="CONSOLE_CDB_IMPORT_V1.0.0" values="JDK_1_6" collectionTime="1435047787349" />
      <project id="js_fiddler" values="JDK_1_6" collectionTime="1433745240634" />
      <project id="QCloud_cdb_ACT" values="JDK_1_6" collectionTime="1434424581049" />
      <project id="gulp-plugins" values="JDK_1_6" collectionTime="1436418322020" />
      <project id="trunk" values="JDK_1_6" collectionTime="1436752053985" />
      <project id="CDB_trunk" values="JDK_1_6" collectionTime="1437537190180" />
      <project id="console_qcloud_pro" values="JDK_1_6" collectionTime="1436871762331" />
      <project id="bee-components" values="JDK_1_6" collectionTime="1437531063185" />
      <project id="CONSOLE_CDB_V1.0.8" values="JDK_1_6" collectionTime="1433901727974" />
      <project id="CDB_ACT_trunk" values="JDK_1_6" collectionTime="1434424582866" />
      <project id="ckv" values="JDK_1_6" collectionTime="1437882710786" />
      <project id="grunt-plugins" values="JDK_1_6" collectionTime="1436259309924" />
      <project id="TDSQL" values="JDK_1_3" collectionTime="1437882710782" />
      <project id="myGithub" values="JDK_1_6" collectionTime="1436240575333" />
    </group>
  </component>
  <component name="UsageTrigger">
    <counts>
      <entry feature="CreateFile.CreateFileAction" count="84" />
      <entry feature="JSDebugConfig.Run.browser-default.preferredEngine-null.no_mappings" count="4" />
      <entry feature="OpenInBrowser.Chrome" count="1" />
      <entry feature="execute.JavascriptDebugType.Run" count="4" />
      <entry feature="ide.settings.Appearance" count="4" />
      <entry feature="ide.settings.Code_Style" count="1" />
      <entry feature="ide.settings.Colors_&amp;_Fonts" count="1" />
      <entry feature="ide.settings.Command_Line_Tool_Support" count="1" />
      <entry feature="ide.settings.Copyright" count="1" />
      <entry feature="ide.settings.Copyright_Profiles" count="2" />
      <entry feature="ide.settings.Editor_Tabs" count="1" />
      <entry feature="ide.settings.File_Encodings" count="6" />
      <entry feature="ide.settings.File_Types" count="1" />
      <entry feature="ide.settings.File_and_Code_Templates" count="7" />
      <entry feature="ide.settings.Font" count="4" />
      <entry feature="ide.settings.General" count="2" />
      <entry feature="ide.settings.GitHub" count="1" />
      <entry feature="ide.settings.HTTP_Proxy" count="3" />
      <entry feature="ide.settings.Keymap" count="23" />
      <entry feature="ide.settings.Live_Templates" count="28" />
      <entry feature="ide.settings.SSH_Terminal" count="1" />
      <entry feature="ide.settings.Subversion" count="2" />
      <entry feature="ide.settings.Terminal" count="12" />
      <entry feature="ide.settings.Vim_Emulation" count="1" />
      <entry feature="ideaapp.started" count="38" />
      <entry feature="uml.ShowDiagram.DIFF.popup" count="3" />
      <entry feature="welcome.screen.WelcomeScreen.OpenProject" count="1" />
    </counts>
  </component>
</application>