<application>
  <component name="FileBasedIndex">
    <option name="registeredIndices">
      <list>
        <option value="bash.vardef" />
        <option value="bash.includers" />
        <option value="bash.included" />
        <option value="bash.script.fullname" />
        <option value="bash.script.name" />
        <option value="bash.function.name" />
        <option value="php.namespace.shortName" />
        <option value="php.variable.shortName" />
        <option value="php.inheritors" />
        <option value="php.use.shortName" />
        <option value="php.constant.case.sensitive.shortName" />
        <option value="php.constant.shortName" />
        <option value="php.function.shortName" />
        <option value="php.classConstant.shortName" />
        <option value="php.field.shortName" />
        <option value="php.method.shortName" />
        <option value="php.trait.shortName" />
        <option value="php.interface.shortName" />
        <option value="php.class.shortName" />
        <option value="java.class.fqn" />
        <option value="java.class.shortname" />
        <option value="java.anonymous.baseref" />
        <option value="jvm.static.member.type" />
        <option value="jvm.static.member.name" />
        <option value="java.method.name" />
        <option value="java.field.name" />
        <option value="java.class.extlist" />
        <option value="java.annotations" />
        <option value="Stylus.mixins" />
        <option value="Stylus.variables" />
        <option value="Scss.mixin" />
        <option value="Scss.function" />
        <option value="Scss.placeholder.selector" />
        <option value="Scss.variable" />
        <option value="Less.variables" />
        <option value="Less.mixins" />
        <option value="aj.class.short.name" />
        <option value="aj.itd.class" />
        <option value="aj.itd.method" />
        <option value="aj.itd.field" />
        <option value="gr.anonymous.class" />
        <option value="gr.class.super" />
        <option value="gr.script.class" />
        <option value="gr.annot.members" />
        <option value="gr.annot.method.name" />
        <option value="gr.method.name" />
        <option value="gr.field.name" />
        <option value="gr.script.fqn" />
        <option value="gr.class.fqn" />
        <option value="JS.subclass.stub.index" />
        <option value="js.namespace.index" />
        <option value="js.class.index2" />
        <option value="JS.base.types.index" />
        <option value="js.generics.index" />
        <option value="js.typedef.index2" />
        <option value="js.symbol.index2" />
        <option value="JS.class.implements" />
        <option value="JS.class.super" />
        <option value="js.element.qualifiedName" />
        <option value="js.members.shortName" />
        <option value="js.qualified.shortName" />
        <option value="cfml.interface.shortName" />
        <option value="cfml.inheritors.shortName" />
        <option value="cfml.component.shortName" />
        <option value="sql.names" />
        <option value="sql.column.name" />
        <option value="sql.table.shortName" />
        <option value="properties.index" />
        <option value="Css.id" />
        <option value="Css.class" />
        <option value="dom.elementClass" />
        <option value="dom.namespaceKey" />
      </list>
    </option>
  </component>
</application>