<keymap version="1" name="Default copy" parent="$default">
  <action id="ShowSettings">
    <keyboard-shortcut first-keystroke="control alt S" />
    <keyboard-shortcut first-keystroke="alt COMMA" />
  </action>
  <action id="SwitchApply">
    <keyboard-shortcut first-keystroke="shift alt ENTER" />
  </action>
  <action id="SwitchDown">
    <keyboard-shortcut first-keystroke="shift alt DOWN" />
  </action>
  <action id="SwitchLeft">
    <keyboard-shortcut first-keystroke="shift alt LEFT" />
  </action>
  <action id="SwitchRight">
    <keyboard-shortcut first-keystroke="shift alt RIGHT" />
  </action>
  <action id="SwitchUp">
    <keyboard-shortcut first-keystroke="shift alt UP" />
  </action>
</keymap>