<keymap version="1" name="Mac OS X 10.5+ copy" parent="Mac OS X 10.5+">
  <action id="Android.TraceViewSearch" />
  <action id="Console.TableResult.AddRow">
    <keyboard-shortcut first-keystroke="control ENTER" />
  </action>
  <action id="FileChooser.NewFolder" />
  <action id="FileStructurePopup">
    <keyboard-shortcut first-keystroke="meta F12" />
    <keyboard-shortcut first-keystroke="shift meta M" />
  </action>
  <action id="Generate">
    <keyboard-shortcut first-keystroke="control ENTER" />
  </action>
  <action id="GuiDesigner.CreateComponent">
    <keyboard-shortcut first-keystroke="control ENTER" />
  </action>
  <action id="NewDir">
    <keyboard-shortcut first-keystroke="shift meta N" />
  </action>
  <action id="NewElement">
    <keyboard-shortcut first-keystroke="control ENTER" />
  </action>
  <action id="NewFile">
    <keyboard-shortcut first-keystroke="meta N" />
  </action>
  <action id="NewScratchFile" />
  <action id="Refresh" />
  <action id="Rerun" />
  <action id="UsageView.Rerun" />
</keymap>