<code_scheme name="Default (1)">
  <option name="OTHER_INDENT_OPTIONS">
    <value>
      <option name="INDENT_SIZE" value="4" />
      <option name="CONTINUATION_INDENT_SIZE" value="8" />
      <option name="TAB_SIZE" value="4" />
      <option name="USE_TAB_CHARACTER" value="true" />
      <option name="SMART_TABS" value="false" />
      <option name="LABEL_INDENT_SIZE" value="0" />
      <option name="LABEL_INDENT_ABSOLUTE" value="false" />
      <option name="USE_RELATIVE_INDENTS" value="false" />
    </value>
  </option>
  <XML>
    <option name="XML_LEGACY_SETTINGS_IMPORTED" value="true" />
  </XML>
</code_scheme>